編號,英文單字,詞性,中文意思
1,a few,限定詞,一些（用於可數）
2,a little,限定詞,一點（用於不可數）
3,a lot,副詞,很多
4,able,形容詞,能夠的
5,about,介系詞,關於；大約
6,above,介系詞,在…上面
7,abroad,副詞,在國外
8,absent,形容詞,缺席的
9,accept,動詞,接受
10,accident,名詞,事故
11,across,介系詞,橫越
12,act,動詞,表演；行動
13,action,名詞,行動
14,active,形容詞,活躍的
15,activity,名詞,活動
16,actor,名詞,男演員
17,actress,名詞,女演員
18,actually,副詞,實際上
19,add,動詞,增加
20,admire,動詞,欽佩
21,adult,名詞,成年人
22,advertisement,名詞,廣告
23,advice,名詞,建議
24,advise,動詞,建議
25,affect,動詞,影響
26,afraid,形容詞,害怕的
27,after,介系詞,在…之後
28,afternoon,名詞,下午
29,again,副詞,再次
30,against,介系詞,反對；靠著
31,age,名詞,年齡；時代
32,ago,副詞,以前
33,agree,動詞,同意
34,ahead,副詞,在前面
35,aim,名詞,目標
36,air,名詞,空氣
37,air conditioner,名詞,空調
38,airlines,名詞,航空公司
39,airplane,名詞,飛機
40,airport,名詞,機場
41,alarm,名詞,鬧鐘；警報
42,alarm clock,名詞,鬧鐘
43,album,名詞,相冊；專輯
44,alike,形容詞,相似的
45,alive,形容詞,活著的
46,all,代名詞,全部；所有
47,allow,動詞,允許
48,almost,副詞,幾乎
49,along,介系詞,沿著
50,aloud,副詞,大聲地
51,already,副詞,已經
52,always,副詞,總是
53,ambulance,名詞,救護車
54,American,名詞,美國人
55,among,介系詞,在…之中（三者以上）
56,amount,名詞,數量
57,ancient,形容詞,古代的
58,and,連接詞,和；並且
59,angel,名詞,天使
60,anger,名詞,憤怒
61,angle,名詞,角度
62,angry,形容詞,生氣的
63,animal,名詞,動物
64,ankle,名詞,腳踝
65,another,代名詞,另一個
66,answer,動詞,回答
67,ant,名詞,螞蟻
68,any,限定詞,任何
69,any,代名詞,任何
70,anyone,代名詞,任何人
71,anything,代名詞,任何事
72,anywhere,副詞,任何地方
73,apartment,名詞,公寓
74,apologize,動詞,道歉
75,appear,動詞,出現
76,apple,名詞,蘋果
77,appreciate,動詞,欣賞；感謝
78,April,名詞,四月
79,area,名詞,區域
80,argue,動詞,爭論
81,arm,名詞,手臂
82,armchair,名詞,扶手椅
83,army,名詞,軍隊
84,arrange,動詞,安排
85,arrive,動詞,到達
86,art,名詞,藝術
87,artist,名詞,藝術家
88,Asian,名詞,亞洲人
89,ask,動詞,詢問
90,asleep,形容詞,睡著的
91,assistant,名詞,助理
92,assume,動詞,假設
93,at,介系詞,在（地點、時間點）
94,attack,動詞,攻擊
95,attention,名詞,注意力
96,August,名詞,八月
97,aunt,名詞,阿姨
98,autumn,名詞,秋天
99,available,形容詞,可用的；有空的
100,avoid,動詞,避免
101,away,副詞,離開
102,baby,名詞,嬰兒
103,baby sitter,名詞,保母
104,back,名詞,背部
105,back,形容詞,後面的
106,backpack,名詞,背包
107,backward,副詞,向後
108,bad,形容詞,壞的
109,badminton,名詞,羽毛球
110,bake,動詞,烘烤
111,bakery,名詞,麵包店
112,balcony,名詞,陽台
113,ball,名詞,球
114,balloon,名詞,氣球
115,banana,名詞,香蕉
116,band,名詞,樂團
117,band,名詞,樂隊；帶子
118,bank,名詞,銀行
119,bank,名詞,河岸
120,barbecue,動詞,烤肉
121,barber,名詞,理髮師
122,bark,動詞,吠叫
123,base,名詞,基礎；基地
124,baseball,名詞,棒球
125,basement,名詞,地下室
126,basic,形容詞,基本的
127,basket,名詞,籃子
128,basketball,名詞,籃球
129,bat,名詞,蝙蝠
130,bath,名詞,浴缸
131,bathe,動詞,洗澡
132,bathroom,名詞,浴室
133,beach,名詞,海灘
134,beach,名詞,海灘
135,bean,名詞,豆子
136,bear,名詞,熊
137,beard,名詞,鬍鬚
138,beat,動詞,打擊
139,beautiful,形容詞,美麗的
140,beauty,名詞,美麗
141,because,連接詞,因為
142,become,動詞,變成
143,bed,名詞,床
144,bedroom,名詞,臥室
145,bee,名詞,蜜蜂
146,beef,名詞,牛肉
147,beer,名詞,啤酒
148,before,介系詞,在…之前
149,begin,動詞,開始
150,beginner,名詞,初學者
151,beginning,名詞,開始
152,behave,動詞,守規矩
153,behind,介系詞,在…後面
154,believe,動詞,相信
155,bell,名詞,鈴鐺
156,belong,動詞,屬於
157,below,介系詞,在…下面
158,belt,名詞,皮帶
159,bench,名詞,長凳
160,beside,介系詞,在…旁邊
161,besides,副詞,此外；而且
162,between,介系詞,在…之間（兩者）
163,beyond,介系詞,超越；在…另一邊
164,bicycle,名詞,腳踏車
165,big,形容詞,大的
166,bill,名詞,帳單；紙鈔
167,biology,名詞,生物
168,bird,名詞,鳥
169,birthday,名詞,生日
170,bite,動詞,咬
171,bitter,形容詞,苦的
172,black,名詞,黑色
173,blackboard,名詞,黑板
174,blame,動詞,責備
175,blank,名詞,空白
176,blanket,名詞,毯子
177,bless,動詞,祝福
178,blind,形容詞,失明的
179,block,名詞,街區
180,blood,名詞,血液
181,blouse,名詞,女裝上衣
182,blow,動詞,吹
183,blow,動詞,吹
184,blue,名詞,藍色
185,board,名詞,板子
186,boat,名詞,船
187,body,名詞,身體
188,boil,動詞,煮沸
189,bomb,名詞,炸彈
190,bone,名詞,骨頭
191,book,名詞,書本
192,bookcase,名詞,書櫃
193,bookstore,名詞,書店
194,boring,形容詞,令人無聊的
195,borrow,動詞,借入
196,boss,名詞,老闆
197,both,限定詞,兩者都
198,both,代名詞,兩者
199,bother,動詞,打擾
200,bottle,名詞,瓶
201,bottom,名詞,底部
202,bow,動詞,鞠躬
203,bowl,名詞,碗
204,bowling,名詞,保齡球
205,box,名詞,盒子
206,boy,名詞,男孩
207,branch,名詞,樹枝；分支
208,brave,形容詞,勇敢的
209,bread,名詞,麵包
210,break,動詞,打破
211,breakfast,名詞,早餐
212,brick,名詞,磚塊
213,bridge,名詞,橋樑
214,bright,形容詞,明亮的；聰明的
215,bring,動詞,帶來
216,broad,形容詞,寬廣的
217,broadcast,動詞,廣播
218,brother,名詞,兄弟
219,brown,名詞,棕色
220,brunch,名詞,早午餐
221,brush,動詞,刷
222,bucket,名詞,水桶
223,buffet,名詞,自助餐
224,bug,名詞,小蟲
225,build,動詞,建造
226,building,名詞,建築物
227,bun,名詞,小圓麵包
228,bundle,名詞,捆；束
229,burn,動詞,燒焦
230,burst,動詞,爆發
231,bus,名詞,公車
232,bus stop,名詞,公車站
233,business,名詞,商業；生意
234,businessman,名詞,商人
235,busy,形容詞,忙碌的
236,but,連接詞,但是
237,butter,名詞,奶油
238,butterfly,名詞,蝴蝶
239,button,名詞,鈕扣
240,buy,動詞,購買
241,by,介系詞,藉由；在…旁邊
242,cabbage,名詞,高麗菜
243,cable,名詞,電纜
244,cafeteria,名詞,自助餐廳
245,cage,名詞,籠子
246,cake,名詞,蛋糕
247,calendar,名詞,日曆
248,call,動詞,打電話；呼叫
249,calm,動詞,使冷靜
250,camera,名詞,相機
251,camp,動詞,露營
252,campus,名詞,校園
253,can,名詞,罐頭
254,cancel,動詞,取消
255,cancer,名詞,癌症
256,candle,名詞,蠟燭
257,candy,名詞,糖果
258,cap,名詞,棒球帽
259,captain,名詞,隊長；船長
260,car,名詞,汽車
261,card,名詞,卡片
262,care,動詞,關心
263,careful,形容詞,小心的
264,careless,形容詞,粗心的
265,carpet,名詞,地毯
266,carrot,名詞,胡蘿蔔
267,carry,動詞,攜帶
268,cartoon,名詞,卡通
269,case,名詞,案例；箱子
270,cash,名詞,現金
271,castle,名詞,城堡
272,cat,名詞,貓
273,catch,動詞,抓住
274,cause,名詞,原因
275,ceiling,名詞,天花板
276,celebrate,動詞,慶祝
277,cellphone,名詞,手機
278,cent,名詞,分（貨幣單位）
279,center,名詞,中心
280,centimeter,名詞,公分
281,century,名詞,世紀
282,cereal,名詞,穀物麥片
283,certain,形容詞,確定的
284,chair,名詞,椅子
285,chalk,名詞,粉筆
286,chance,名詞,機會
287,change,名詞,零錢
288,channel,名詞,頻道；海峽
289,character,名詞,角色；性格
290,charge,動詞,收費
291,chart,名詞,圖表
292,chase,動詞,追逐
293,cheap,形容詞,便宜的
294,cheat,動詞,欺騙
295,check,動詞,檢查
296,check,動詞,檢查
297,cheer,名詞,歡呼
298,cheerleader,名詞,啦啦隊
299,cheese,名詞,起司
300,chemistry,名詞,化學
301,chess,名詞,西洋棋
302,chicken,名詞,雞肉
303,chicken,名詞,雞
304,child,名詞,小孩
305,childhood,名詞,童年
306,childish,形容詞,幼稚的
307,childlike,形容詞,孩子般的
308,chin,名詞,下巴
309,Chinese,名詞,中文310 Chinese New Year名詞春節
310,Chinese New Year,名詞,春節
311,chocolate,名詞,巧克力
312,choice,名詞,選擇
313,choose,動詞,選擇
314,chopsticks,名詞,筷子
315,Christmas,名詞,聖誕節
316,chubby,形容詞,圓胖的
317,church,名詞,教堂
318,circle,名詞,圓形
319,city,名詞,城市
320,clap,動詞,拍手
321,class leader,名詞,班長
322,classical,形容詞,古典的
323,classmate,名詞,同學
324,classroom,名詞,教室
325,clean,動詞,清潔
326,clear,形容詞,晴朗的
327,clerk,名詞,店員；職員
328,climate,名詞,氣候
329,climb,動詞,攀爬
330,clock,名詞,時鐘
331,close,動詞,關閉
332,closet,名詞,衣櫥
333,clothes,名詞,衣服（總稱）
334,cloud,名詞,雲
335,cloudy,形容詞,多雲的
336,club,名詞,俱樂部
337,coach,名詞,教練
338,coast,名詞,海岸
339,coat,名詞,外套
340,cockroach,名詞,蟑螂
341,coffee,名詞,咖啡
342,coin,名詞,硬幣
343,cola,名詞,可樂
344,cold,名詞,感冒
345,cold,形容詞,寒冷的
346,collect,動詞,收集
347,color,名詞,顏色
348,colorful,形容詞,多彩的
349,comb,名詞,梳子
350,come,動詞,來
351,comfortable,形容詞,舒服的
352,comic,名詞,漫書
353,command,名詞,命令
354,comment,動詞,評論
355,common,形容詞,普通的；常見的
356,company,名詞,公司
357,compare,動詞,比較
358,complain,動詞,抱怨
359,complete,動詞,完成
360,complete,形容詞,完整的
361,computer,名詞,電腦
362,computer game,名詞,電腦遊戲
363,concern,動詞,關心；涉及
364,confident,形容詞,有自信的
365,confuse,動詞,混淆
366,congratulation,名詞,祝賀
367,consider,動詞,考慮
368,considerate,形容詞,體貼的
369,contact lens,名詞,隱形眼鏡
370,continue,動詞,繼續
371,contract,名詞,合約
372,control,動詞,控制373 convenience store名詞便利商店
373,convenience store,名詞,便利商店
374,convenient,形容詞,方便的
375,conversation,名詞,對話
376,cook,動詞,烹調
377,cook,名詞,廚師
378,cookie,名詞,餅乾
379,cool,形容詞,酷的
380,cool,形容詞,涼爽的
381,copy,動詞,複製
382,corn,名詞,玉米
383,corner,名詞,角落
384,correct,動詞,改正
385,correct,形容詞,正確的
386,cost,動詞,花費
387,cotton,名詞,棉
388,couch,名詞,長沙發
389,cough,名詞,咳嗽
390,count,動詞,數數
391,country,名詞,國家；鄉下
392,couple,名詞,情侶；夫妻
393,courage,名詞,勇氣
394,course,名詞,課程
395,court,名詞,法庭；球場
396,cousin,名詞,堂(表)兄弟姊妹
397,cover,動詞,覆蓋
398,cow,名詞,牛
399,crab,名詞,螃蟹
400,crayon,名詞,蠟筆
401,crazy,形容詞,瘋狂的
402,cream,名詞,鮮奶油
403,create,動詞,創造
404,credit card,名詞,信用卡
405,crime,名詞,犯罪
406,cross,動詞,穿越
407,crowd,名詞,人群
408,crowded,形容詞,擁擠的
409,cruel,形容詞,殘忍的
410,cry,動詞,哭
411,culture,名詞,文化
412,culture center,名詞,文化中心
413,cup,名詞,杯子
414,cup,名詞,杯
415,cure,動詞,治癒
416,curious,形容詞,好奇的
417,current,形容詞,當前的
418,curtain,名詞,窗簾
419,curve,名詞,曲線
420,custom,名詞,習俗
421,customer,名詞,顧客
422,cut,動詞,切割
423,cute,形容詞,可愛的
424,daily,形容詞,每日的
425,damage,名詞,損害
426,dance,動詞,跳舞
427,danger,名詞,危險
428,dangerous,形容詞,危險的
429,dark,形容詞,黑暗的
430,date,動詞,約會
431,daughter,名詞,女兒
432,dawn,名詞,黎明
433,dead,形容詞,死的
434,deaf,形容詞,失聰的
435,deal,動詞,處理
436,dear,形容詞,親愛的；昂貴的
437,death,名詞,死亡
438,debate,名詞,辯論
439,December,名詞,十二月
440,decide,動詞,決定
441,decision,名詞,決定
442,decorate,動詞,裝飾
443,decrease,動詞,減少
444,deep,形容詞,深的
445,deer,名詞,鹿
446,define,動詞,定義
447,degree,名詞,度數
448,delicious,形容詞,美味的
449,deliver,動詞,遞送
450,dentist,名詞,牙醫
451,department,名詞,部門；系
452,department store,名詞,百貨公司
453,depend,動詞,依賴
454,describe,動詞,描述
455,desert,名詞,沙漠
456,design,動詞,設計
457,desire,名詞,慾望
458,desk,名詞,書桌
459,dessert,名詞,甜點
460,detect,動詞,偵測
461,develop,動詞,發展
462,dial,動詞,撥號
463,diamond,名詞,鑽石
464,diary,名詞,日記
465,dictionary,名詞,字典
466,die,動詞,死亡
467,diet,名詞,飲食；節食
468,difference,名詞,差異
469,different,形容詞,不同的
470,difficult,形容詞,困難的
471,difficulty,名詞,困難
472,dig,動詞,挖掘
473,diligent,形容詞,勤奮的
474,dining room,名詞,餐廳
475,dinner,名詞,晚餐
476,dinosaur,名詞,恐龍
477,diplomat,名詞,外交官
478,direct,動詞,指導
479,direction,名詞,方向
480,dirty,形容詞,骯髒的
481,disappear,動詞,消失
482,discover,動詞,發現
483,discuss,動詞,討論
484,discussion,名詞,討論
485,dish,名詞,盤子
486,dishonest,形容詞,不誠實的
487,distance,名詞,距離
488,distant,形容詞,遙遠的
489,divide,動詞,分割
490,dizzy,形容詞,頭暈的
491,doctor,名詞,醫生
492,dodge ball,名詞,躲避球
493,dog,名詞,狗
494,doll,名詞,洋娃娃
495,dollar,名詞,元（貨幣單位）
496,dolphin,名詞,海豚
497,donkey,名詞,驢
498,door,名詞,門
499,dot,名詞,點
500,double,形容詞,雙倍的501 Double Tenth Day名詞雙十節
501,Double Tenth Day,名詞,雙十節
502,doubt,動詞,懷疑
503,doughnut,名詞,甜甜圈
504,down,介系詞,沿…而下
505,download,動詞,下載
506,downstairs,名詞,樓下
507,downtown,名詞,市中心
508,dozen,名詞,一打（十二個）
509,dragon,名詞,龍
510,Dragon-boat,Festival,名詞端午節
511,drama,名詞,戲劇
512,draw,動詞,畫畫
513,draw,動詞,畫畫
514,drawer,名詞,抽屜
515,dream,名詞,夢想
516,dress,名詞,連身裙
517,dresser,名詞,梳妝台
518,drink,動詞,喝
519,drive,動詞,開車
520,driver,名詞,司機
521,drop,動詞,掉落
522,drugstore,名詞,藥局
523,drum,名詞,鼓
524,dry,形容詞,乾燥的
525,dryer,名詞,烘乾機
526,duck,名詞,鴨
527,dumb,形容詞,啞的
528,dumpling,名詞,餃子
529,during,介系詞,在…期間
530,duty,名詞,責任
531,each,代名詞,每個
532,eagle,名詞,老鷹
533,ear,名詞,耳朵
534,early,形容詞,早的
535,earn,動詞,賺取
536,earrings,名詞,耳環
537,earth,名詞,地球
538,earthquake,名詞,地震
539,ease,動詞,緩和
540,east,形容詞,東方的
541,Easter,名詞,復活節
542,easy,形容詞,容易的
543,eat,動詞,吃
544,edge,名詞,邊緣
545,education,名詞,教育
546,effort,名詞,努力
547,egg,名詞,蛋
548,eight,名詞,八
549,eighteen,名詞,十八
550,eighty,名詞,八十
551,either,副詞/連接,詞也（用於否定句）
552,elder,名詞,長輩
553,elect,動詞,選舉
554,electric,形容詞,電的555 elementary school名詞小學
555,elementary school,名詞,小學
556,elephant,名詞,大象
557,eleven,名詞,十一
558,e-mail,名詞,電子郵件
559,embarrass,動詞,使尷尬
560,emotion,名詞,情緒
561,emphasize,動詞,強調
562,employ,動詞,雇用
563,end,動詞,結束
564,enemy,名詞,敵人
565,energetic,形容詞,精力充沛的
566,energy,名詞,能量
567,engine,名詞,引擎
568,engineer,名詞,工程師
569,English,名詞,英文
570,enjoy,動詞,享受
571,enough,形容詞,足夠的
572,enter,動詞,進入
573,entrance,名詞,入口
574,envelope,名詞,信封
575,environment,名詞,環境
576,envy,動詞,嫉妒
577,equal,形容詞,平等的
578,eraser,名詞,橡皮擦
579,error,名詞,錯誤
580,especially,副詞,尤其
581,eve,名詞,前夕
582,even,副詞,甚至
583,evening,名詞,傍晚
584,event,名詞,事件
585,ever,副詞,曾經
586,everyone,代名詞,每個人
587,everything,代名詞,每件事
588,everywhere,副詞,到處
589,evil,形容詞,邪惡的
590,exam,名詞,考試
591,example,名詞,例子
592,excellent,形容詞,優秀的
593,except,介系詞,除了…之外
594,excite,動詞,使興奮
595,excited,形容詞,感到興奮的
596,exciting,形容詞,令人興奮的
597,excuse,名詞,藉口
598,exercise,動詞,運動
599,exercise,名詞,練習
600,exist,動詞,存在
601,exit,名詞,出口
602,expect,動詞,預期
603,expensive,形容詞,昂貴的
604,experience,名詞,經驗
605,explain,動詞,解釋
606,explain,動詞,解釋
607,express,動詞,表達
608,extra,形容詞,額外的
609,eye,名詞,眼睛
610,face,名詞,臉
611,fact,名詞,事實
612,factory,名詞,工廠
613,fair,形容詞,公平的
614,fall,動詞,掉落
615,family,名詞,家庭
616,famous,形容詞,著名的
617,fan,名詞,粉絲；愛好者
618,fan,名詞,電風扇
619,fantastic,形容詞,極好的
620,far,形容詞,遠的
621,farm,名詞,農場
622,farmer,名詞,農夫
623,fashionable,形容詞,時尚的
624,fast,形容詞,快的
625,fast food,名詞,速食626 fast food restaurant名詞速食餐廳
626,fast food restaurant,名詞,速食餐廳
627,fat,形容詞,胖的
628,father,名詞,父親
629,Father’s Day,名詞,父親節
630,faucet,名詞,水龍頭
631,fault,名詞,過錯
632,favorite,形容詞,最喜愛的
633,fear,名詞,恐懼
634,February,名詞,二月
635,fee,名詞,費用
636,feed,動詞,餵食
637,feel,動詞,感覺
638,feeling,名詞,感覺
639,fence,名詞,柵欄
640,festival,名詞,節慶
641,fever,名詞,發燒
642,few,限定詞,很少（用於可數）
643,fifteen,名詞,十五
644,fifty,名詞,五十
645,fight,動詞,打架
646,file,名詞,檔案
647,fill,動詞,填滿
648,film,名詞,電影
649,final,形容詞,最終的
650,finally,副詞,最後
651,find,動詞,找到
652,finger,名詞,手指
653,finish,動詞,完成
654,fire,名詞,火
655,fire station,名詞,消防局
656,first,名詞,第一
657,fish,名詞,魚
658,fish,動詞,釣魚
659,fish,名詞,魚
660,fisherman,名詞,漁夫
661,fit,動詞,適合
662,five,名詞,五
663,fix,動詞,修理
664,flag,名詞,旗幟
665,flashlight,名詞,手電筒
666,flat tire,名詞,爆胎
667,flight,名詞,飛行；航班
668,floor,名詞,地板；樓層
669,flour,名詞,麵粉
670,flower,名詞,花
671,flower shop,名詞,花店
672,flu,名詞,流行性感冒
673,flute,名詞,長笛
674,fly,動詞,飛行
675,focus,動詞,聚焦
676,fog,名詞,霧
677,foggy,形容詞,有霧的
678,follow,動詞,跟隨
679,food,名詞,食物
680,fool,名詞,傻瓜
681,foolish,形容詞,愚蠢的
682,foot,名詞,腳
683,foot,名詞,英尺
684,football,名詞,美式足球
685,for,介系詞,為了；給；因為
686,foreign,形容詞,外國的
687,foreigner,名詞,外國人
688,forest,名詞,森林
689,forget,動詞,忘記
690,forgive,動詞,原諒
691,fork,名詞,叉子
692,form,動詞,形成
693,formal,形容詞,正式的
694,former,形容詞,前任的；以前的
695,forty,名詞,四十
696,forward,副詞,向前
697,four,名詞,四
698,fourteen,名詞,十四
699,fox,名詞,狐狸
700,frank,形容詞,坦率的
701,free,形容詞,免費的；自由的
702,freedom,名詞,自由
703,freezer,名詞,冷凍庫
704,freezing,形容詞,極冷的
705,fresh,形容詞,新鮮的
706,Friday,名詞,星期五
707,friend,名詞,朋友
708,friendly,形容詞,友善的
709,friendship,名詞,友誼
710,fries,名詞,薯條
711,frighten,動詞,使害怕
712,frisbee,名詞,飛盤
713,frog,名詞,青蛙
714,from,介系詞,從…；來自…
715,front,形容詞,前面的
716,fruit,名詞,水果
717,fry,動詞,油炸
718,full,形容詞,飽的
719,fun,名詞,樂趣
720,funny,形容詞,有趣的
721,furniture,名詞,家具
722,future,名詞,未來
723,game,名詞,遊戲
724,garage,名詞,車庫
725,garbage,名詞,垃圾
726,garden,名詞,花園
727,gas,名詞,瓦斯；汽油
728,gate,名詞,大門
729,gather,動詞,聚集
730,generous,形容詞,慷慨的
731,genius,名詞,天才
732,gentle,形容詞,溫和的
733,gentleman,名詞,紳士
734,geography,名詞,地理
735,gesture,名詞,手勢
736,get,動詞,得到
737,ghost,名詞,鬼魂
738,giant,名詞,巨人
739,gift,名詞,禮物
740,girl,名詞,女孩
741,give,動詞,給予
742,glad,形容詞,高興的
743,glass,名詞,玻璃杯
744,glass,名詞,玻璃杯
745,glasses,名詞,眼鏡
746,glove,名詞,手套
747,glue,名詞,膠水
748,go,動詞,去
749,goal,名詞,目標
750,goat,名詞,山羊
751,gold,名詞,黃金
752,golf,名詞,高爾夫球
753,goose,名詞,鵝
754,government,名詞,政府
755,grade,名詞,年級；成績
756,gram,名詞,公克
757,granddaughter,名詞,孫女
758,grandfather,名詞,祖父
759,grandmother,名詞,祖母
760,grandson,名詞,孫子
761,grape,名詞,葡萄
762,grass,名詞,草
763,gray,名詞,灰色
764,greedy,形容詞,貪心的
765,green,名詞,綠色
766,greet,動詞,問候
767,ground,名詞,地面
768,group,名詞,群組
769,grow,動詞,成長；生長
770,grow,動詞,成長
771,guard,名詞,警衛
772,guava,名詞,番石榴
773,guess,動詞,猜測
774,guest,名詞,客人
775,guide,名詞,導遊
776,guide,動詞,引導
777,guitar,名詞,吉他
778,gun,名詞,槍
779,gym,名詞,體育館
780,habit,名詞,習慣
781,hair,名詞,頭髮
782,hair dresser,名詞,髮型師
783,haircut,名詞,理髮
784,half,名詞,一半
785,hall,名詞,走廊；大廳
786,Halloween,名詞,萬聖節
787,ham,名詞,火腿
788,hamburger,名詞,漢堡
789,hammer,名詞,鐵鎚
790,hand,名詞,手
791,handkerchief,名詞,手帕
792,handle,動詞,處理
793,handsome,形容詞,英俊的
794,hang,動詞,懸掛
795,hanger,名詞,衣架
796,happen,動詞,發生
797,happy,形容詞,快樂的
798,hard,形容詞,硬的；困難的
799,hardly,副詞,幾乎不
800,hard-working,形容詞,努力工作的
801,hate,動詞,討厭
802,he,代名詞(主格),他
803,head,名詞,頭
804,headache,名詞,頭痛
805,health,名詞,健康
806,healthy,形容詞,健康的
807,hear,動詞,聽見
808,heart,名詞,心臟
809,heat,名詞,熱
810,heater,名詞,暖氣
811,heavy,形容詞,重的
812,height,名詞,高度
813,helicopter,名詞,直升機
814,help,動詞,幫助
815,helpful,形容詞,有幫助的
816,hen,名詞,母雞
817,her,所有格,她的
818,her,代名詞(受格),她的
819,hero,名詞,英雄
820,hers,代名詞,她的
821,herself,代名詞,她自己
822,hide,動詞,隱藏
823,high,形容詞,高的
824,highway,名詞,高速公路
825,hike,動詞,健行／遠足
826,hill,名詞,山丘
827,him,代名詞(受格),他
828,himself,代名詞,他自己
829,hip,名詞,臀部
830,hippo,名詞,河馬
831,hire,動詞,雇用
832,his,所有格,他的
833,his,代名詞,他的
834,history,名詞,歷史
835,hit,動詞,擊打
836,hobby,名詞,嗜好
837,hold,動詞,握住
838,hole,名詞,破洞
839,holiday,名詞,假日
840,home,名詞,家
841,homesick,形容詞,想家的
842,homework,名詞,家庭作業
843,honest,形容詞,誠實的
844,honesty,名詞,誠實
845,honey,名詞,蜂蜜；親愛的
846,hop,動詞,單腳跳
847,hope,動詞,希望
848,horrible,形容詞,可怕的
849,horse,名詞,馬
850,hospital,名詞,醫院
851,host,名詞,主人
852,hot,形容詞,辣的；熱的
853,hot,形容詞,炎熱的
854,hot dog,名詞,熱狗
855,hotel,名詞,飯店
856,hour,名詞,小時
857,house,名詞,房子
858,housewife,名詞,家庭主婦
859,housework,名詞,家事
860,how,疑問詞,如何
861,however,副詞,然而
862,hug,動詞,擁抱
863,human,名詞,人類
864,humble,形容詞,謙虛的
865,humid,形容詞,潮濕的
866,humor,名詞,幽默
867,humorous,形容詞,幽默的
868,hundred,名詞,百
869,hunger,名詞,飢餓
870,hungry,形容詞,餓的
871,hunt,動詞,狩獵
872,hunter,名詞,獵人
873,hurry,動詞,匆忙
874,hurt,動詞,傷害
875,husband,名詞,丈夫
876,I,代名詞(主格),我
877,ice,名詞,冰
878,ice cream,名詞,冰淇淋
879,idea,名詞,主意
880,if,連接詞,如果
881,ignore,動詞,忽略
882,imagine,動詞,想像
883,impolite,形容詞,不禮貌的
884,importance,名詞,重要性
885,important,形容詞,重要的
886,impossible,形容詞,不可能的
887,improve,動詞,改善
888,in,介系詞,在…裡面（較大範圍）
889,in back of,介系詞,在…後面
890,in front of,介系詞,在…前面
891,inch,名詞,英吋
892,include,動詞,包含
893,income,名詞,收入
894,increase,動詞,增加
895,independent,形容詞,獨立的
896,influence,名詞,影響
897,information,名詞,資訊
898,ink,名詞,墨水
899,insect,名詞,昆蟲
900,inside,介系詞,在…裡面
901,insist,動詞,堅持
902,inspire,動詞,激勵
903,instant,形容詞,立即的
904,instant noodle,名詞,泡麵
905,instrument,名詞,樂器
906,intelligent,形容詞,有智慧的
907,interest,名詞,興趣
908,interested,形容詞,感興趣的
909,interesting,形容詞,有趣的
910,international,形容詞,國際的
911,Internet,名詞,網際網路
912,interrupt,動詞,打斷
913,interview,名詞,面試；訪談
914,into,介系詞,進入
915,introduce,動詞,介紹
916,invent,動詞,發明
917,invitation,名詞,邀請
918,invite,動詞,邀請
919,iron,動詞,熨燙
920,island,名詞,島嶼
921,it,代名詞(主/受格),它
922,item,名詞,項目
923,its,所有格,它的
924,its,所有格,它的
925,itself,代名詞,它自己
926,jacket,名詞,夾克
927,jam,名詞,果醬
928,January,名詞,一月
929,Japanese,名詞,日本人
930,jealous,形容詞,嫉妒的
931,jeans,名詞,牛仔褲
932,jeep,名詞,吉普車
933,jog,動詞,慢跑
934,join,動詞,加入
935,joke,名詞,笑話
936,journalist,名詞,記者
937,joy,名詞,歡樂
938,judge,名詞,法官
939,judge,動詞,判斷
940,juice,名詞,果汁
941,July,名詞,七月
942,jump,動詞,跳躍
943,June,名詞,六月944 junior high school名詞初中
944,junior high school,名詞,初中
945,kangaroo,名詞,袋鼠
946,keep,動詞,保持
947,ketchup,名詞,番茄醬
948,key,名詞,鑰匙
949,kick,動詞,踢
950,kid,名詞,小孩
951,kill,動詞,殺死
952,kilogram,名詞,公斤
953,kilometer,名詞,公里
954,kind,形容詞,仁慈的；親切的
955,kind,名詞,種類
956,kindergarten,名詞,幼兒園
957,king,名詞,國王
958,kingdom,名詞,王國
959,kiss,動詞,親吻
960,kitchen,名詞,廚房
961,kitten,名詞,小貓
962,knee,名詞,膝蓋
963,knife,名詞,刀子
964,knock,動詞,敲
965,know,動詞,知道
966,knowledge,名詞,知識
967,koala,名詞,無尾熊
968,Korean,名詞,韓國人
969,lack,名詞,缺乏
970,lady,名詞,女士
971,lake,名詞,湖泊
972,lamb,名詞,小羊
973,lamp,名詞,燈
974,land,動詞,降落
975,language,名詞,語言
976,lantern,名詞,燈籠
977,Lantern Festival,名詞,元宵節
978,large,形容詞,大的
979,last,形容詞,最後的
980,last,形容詞,上一個的；最後的
981,late,形容詞,晚的
982,later,副詞,稍後
983,latest,形容詞,最新的
984,laugh,動詞,大笑
985,law,名詞,法律
986,lawyer,名詞,律師
987,lay,動詞,放置（產卵）
988,lazy,形容詞,懶惰的
989,lead,動詞,領導
990,leader,名詞,領袖
991,leaf,名詞,葉子
992,learn,動詞,學習
993,least,副詞,最少
994,leave,動詞,離開
995,left,形容詞,左邊的
996,leg,名詞,腿
997,lemon,名詞,檸檬
998,lend,動詞,借出
999,less,限定詞,更少（用於不可數）
1000,lesson,名詞,課
1001,let,動詞,讓
1002,letter,名詞,信件；字母
1003,lettuce,名詞,生菜
1004,level,名詞,水平
1005,library,名詞,圖書館
1006,lick,動詞,舔
1007,lid,名詞,蓋子
1008,lie,動詞,說謊；躺
1009,life,名詞,生命
1010,lift,動詞,舉起
1011,light,名詞,燈；光
1012,light,形容詞,輕的
1013,lightning,名詞,閃電
1014,like,介系詞,像…
1015,like,動詞,喜歡
1016,limit,動詞,限制
1017,line,名詞,線
1018,link,名詞,連結
1019,lion,名詞,獅子
1020,lip,名詞,嘴唇
1021,liquid,名詞,液體
1022,list,動詞,列出
1023,list,動詞,列出
1024,listen,動詞,聆聽
1025,listen,動詞,聆聽
1026,liter,名詞,公升
1027,little,限定詞,很少（用於不可數）
1028,little,形容詞,小的
1029,live,動詞,居住；生活
1030,living room,名詞,客廳
1031,loaf,名詞,條（麵包）
1032,local,形容詞,當地的
1033,lock,動詞,鎖上
1034,locker,名詞,鎖櫃
1035,lonely,形容詞,孤獨的
1036,long,形容詞,長的
1037,look,動詞,看
1038,lose,動詞,輸掉；失去
1039,loser,名詞,輸家
1040,loud,形容詞,大聲的
1041,love,動詞,愛
1042,lovely,形容詞,可愛的
1043,low,形容詞,低的
1044,lucky,形容詞,幸運的
1045,lunch,名詞,午餐
1046,machine,名詞,機器
1047,mad,形容詞,瘋狂的
1048,magazine,名詞,雜誌
1049,magic,形容詞,魔法的
1050,magician,名詞,魔術師
1051,mail,名詞,郵件
1052,mailman,名詞,郵差
1053,major,形容詞,主要的
1054,make,動詞,製作
1055,mall,名詞,購物中心
1056,man,名詞,男人
1057,manager,名詞,經理
1058,mango,名詞,芒果
1059,manner,名詞,禮貌；方式
1060,many,代名詞,許多（可數）
1061,map,名詞,地圖
1062,March,名詞,三月
1063,mark,動詞,批改
1064,marker,名詞,麥克筆
1065,market,名詞,市場
1066,married,形容詞,已婚的
1067,marry,動詞,結婚
1068,marvelous,形容詞,不可思議的；極好的
1069,mask,名詞,口罩；面具
1070,mass,名詞,團；大量
1071,master,名詞,主人；大師
1072,mat,名詞,地墊
1073,match,動詞,匹配
1074,math,名詞,數學
1075,matter,名詞,事情
1076,maximum,形容詞,最大的
1077,May,名詞,五月
1078,me,代名詞(受格),我
1079,meal,名詞,一餐
1080,mean,動詞,意思是
1081,measure,動詞,測量
1082,meat,名詞,肉
1083,mechanic,名詞,技工
1084,medicine,名詞,藥物；醫學
1085,medium,形容詞,中等的
1086,meet,動詞,遇見
1087,meeting,名詞,會議
1088,member,名詞,成員
1089,memory,名詞,記憶；回憶
1090,memory,名詞,記憶
1091,men’s room,名詞,男廁
1092,menu,名詞,菜單
1093,message,名詞,訊息
1094,metal,名詞,金屬
1095,meter,名詞,公尺
1096,method,名詞,方法
1097,metro,名詞,地鐵
1098,middle,形容詞,中間的
1099,midnight,名詞,午夜
1100,mile,名詞,英里
1101,milk,名詞,牛奶
1102,milk shake,名詞,奶昔
1103,million,名詞,百萬
1104,mind,名詞,心智
1105,mind,動詞,介意
1106,mine,代名詞,我的
1107,minor,形容詞,次要的；較小的
1108,minus,名詞,負號
1109,minute,名詞,分鐘
1110,mirror,名詞,鏡子
1111,miss,動詞,想念；未擊中
1112,mistake,名詞,錯誤
1113,mix,動詞,混合
1114,model,名詞,模特兒
1115,modern,形容詞,現代的
1116,moment,名詞,片刻
1117,Monday,名詞,星期一
1118,money,名詞,錢
1119,monkey,名詞,猴子
1120,monster,名詞,怪物
1121,month,名詞,月
1122,moon,名詞,月亮
1123,moon cake,名詞,月餅
1124,Moon Festival,名詞,中秋節
1125,mop,動詞,用拖把拖地
1126,morning,名詞,早晨
1127,mosquito,名詞,蚊子
1128,mother,名詞,母親
1129,Mother’s Day,名詞,母親節
1130,motion,名詞,動作
1131,motorcycle,名詞,摩托車
1132,mountain,名詞,山
1133,mouse,名詞,老鼠
1134,mouth,名詞,嘴巴
1135,move,動詞,移動
1136,movement,名詞,運動
1137,movie,名詞,電影
1138,movie theater,名詞,電影院
1139,mud,名詞,泥巴
1140,museum,名詞,博物館
1141,MRT,名詞,捷運
1142,music,名詞,音樂
1143,musician,名詞,音樂家
1144,most,代名詞,大部分
1145,my,所有格,我的
1146,myself,代名詞,我自己
1147,nail,名詞,指甲
1148,napkin,名詞,餐巾
1149,narrow,形容詞,窄的
1150,national,形容詞,國家的
1151,natural,形容詞,自然的
1152,nature,名詞,大自然
1153,naughty,形容詞,頑皮的
1154,near,介系詞,靠近
1155,necessary,形容詞,必要的
1156,neck,名詞,脖子
1157,necklace,名詞,項鍊
1158,need,動詞,需要
1159,needle,名詞,針
1160,negative,形容詞,負面的
1161,neighbor,名詞,鄰居
1162,nephew,名詞,侄子；外甥
1163,nervous,形容詞,緊張的
1164,nest,名詞,鳥巢
1165,net,名詞,網
1166,never,副詞,從不1167 New Year’s Day名詞元旦1168 New Year’s Eve名詞除夕
1167,New Year’s Day,名詞,元旦
1168,New Year’s Eve,名詞,除夕
1169,news,名詞,新聞
1170,newspaper,名詞,報紙
1171,next,形容詞,下一個的
1172,next to,介系詞,緊鄰；在…旁邊
1173,nice-looking,形容詞,好看的
1174,niece,名詞,姪女；外甥女
1175,night,名詞,夜晚
1176,nine,名詞,九
1177,nineteen,名詞,十九
1178,ninety,名詞,九十
1179,nobody,代名詞,沒有人
1180,nod,動詞,點頭
1181,noise,名詞,噪音
1182,noisy,形容詞,吵鬧的
1183,noodle,名詞,麵條
1184,noon,名詞,中午
1185,nor,連接詞,也不
1186,north,形容詞,北方的
1187,nose,名詞,鼻子
1188,note,名詞,筆記；音符
1189,notebook,名詞,筆記本
1190,nothing,代名詞,沒有東西
1191,notice,動詞,注意到
1192,notice,動詞,注意到
1193,novel,名詞,小說
1194,November,名詞,十一月
1195,now,副詞,現在
1196,number,名詞,數字；數量
1197,nurse,名詞,護士
1198,nut,名詞,堅果
1199,o’clock,副詞,…點鐘
1200,obey,動詞,服從
1201,ocean,名詞,海洋
1202,October,名詞,十月
1203,of,介系詞,…的；關於
1204,off,介系詞,離開；從…下來
1205,offer,動詞,提供
1206,office,名詞,辦公室
1207,often,副詞,經常
1208,oil,名詞,油
1209,old,形容詞,年老的
1210,omit,動詞,省略
1211,on,介系詞,在…上面（接觸）
1212,once,副詞,曾經；一次
1213,one,名詞,一
1214,onion,名詞,洋蔥
1215,open,動詞,打開
1216,operation,名詞,操作；手術
1217,opinion,名詞,意見
1218,or,連接詞,或者
1219,orange,名詞,柳橙
1220,orange,名詞,橙色
1221,order,動詞,點餐
1222,order,名詞,命令；訂單
1223,ordinary,形容詞,普通的
1224,our,所有格,我們的
1225,our,所有格,我們的
1226,ours,代名詞,我們的
1227,ourselves,代名詞,我們自己
1228,out of,介系詞,從…裡面出來
1229,outside,介系詞,在…外面
1230,oven,名詞,烤箱
1231,over,介系詞,在…正上方；越過
1232,overpass,名詞,天橋；陸橋
1233,overseas,形容詞,海外的
1234,over-weight,形容詞,過重的
1235,own,動詞,擁有
1236,ox,名詞,公牛
1237,pack,名詞,包
1238,pack,動詞,打包
1239,package,名詞,包裹
1240,page,名詞,頁
1241,pain,名詞,疼痛
1242,painful,形容詞,疼痛的
1243,paint,動詞,繪畫
1244,painter,名詞,畫家
1245,pair,名詞,一雙；一對
1246,pajamas,名詞,睡衣
1247,pale,形容詞,蒼白的
1248,pan,名詞,平底鍋
1249,panda,名詞,熊貓
1250,pants,名詞,褲子
1251,papaya,名詞,木瓜
1252,paper,名詞,紙
1253,parent,名詞,父母
1254,park,名詞,公園
1255,park,動詞,停車
1256,parking lot,名詞,停車場
1257,parrot,名詞,鸚鵡
1258,part,名詞,部分
1259,partner,名詞,夥伴；伴侶
1260,party,名詞,派對；政黨
1261,pass,動詞,通過
1262,passenger,名詞,乘客
1263,past,介系詞,過（用於時間）
1264,paste,動詞,貼上
1265,path,名詞,小徑
1266,patient,形容詞,有耐心的
1267,pattern,名詞,模式
1268,pause,動詞,暫停
1269,pay,動詞,支付
1270,peace,名詞,和平
1271,peaceful,形容詞,和平的
1272,peach,名詞,桃子
1273,pear,名詞,梨子
1274,pen,名詞,筆
1275,pencil,名詞,鉛筆
1276,pencil box,名詞,鉛筆盒
1277,people,名詞,人們
1278,pepper,名詞,胡椒
1279,perfect,形容詞,完美的
1280,period,名詞,時期
1281,person,名詞,人
1282,personal,形容詞,個人的
1283,pet,名詞,寵物
1284,photo,名詞,照片
1285,physics,名詞,物理
1286,piano,名詞,鋼琴
1287,pick,動詞,撿起；選擇
1288,picnic,名詞,野餐
1289,picture,名詞,圖片
1290,pie,名詞,派
1291,piece,名詞,片；塊；件
1292,pig,名詞,豬
1293,pigeon,名詞,鴿子
1294,pile,名詞,堆
1295,pillow,名詞,枕頭
1296,pin,名詞,大頭針
1297,pineapple,名詞,鳳梨
1298,pink,名詞,粉色
1299,pipe,名詞,管子
1300,pizza,名詞,披薩
1301,place,名詞,地方
1302,plain,名詞,平原
1303,plan,動詞,計劃
1304,planet,名詞,行星
1305,plant,動詞,種植
1306,plate,名詞,平盤
1307,platform,名詞,月台
1308,player,名詞,玩家；球員
1309,playground,名詞,操場；遊樂場
1310,plus,名詞,加號
1311,pocket,名詞,口袋
1312,poem,名詞,詩
1313,point,名詞,點；尖端
1314,poison,名詞,毒藥
1315,police officer,名詞,警察
1316,police station,名詞,警察局
1317,polite,形容詞,有禮貌的
1318,pollute,動詞,污染
1319,pollution,名詞,污染
1320,pond,名詞,池塘
1321,pool,名詞,游泳池
1322,pool,名詞,水池
1323,poor,形容詞,貧窮的；可憐的
1324,pop music,名詞,流行音樂
1325,popcorn,名詞,爆米花
1326,popular,形容詞,受歡迎的
1327,population,名詞,人口
1328,pork,名詞,豬肉
1329,position,名詞,位置
1330,positive,形容詞,正面的；陽性的
1331,possible,形容詞,可能的
1332,post office,名詞,郵局
1333,postcard,名詞,明信片
1334,potato,名詞,馬鈴薯
1335,pound,名詞,磅
1336,powder,名詞,粉末
1337,power,名詞,力量；電力
1338,practice,動詞,練習
1339,praise,動詞,讚美
1340,pray,動詞,祈禱
1341,precious,形容詞,珍貴的
1342,prepare,動詞,準備
1343,prepare,動詞,準備
1344,present,名詞,禮物
1345,present,形容詞,現在的；出席的
1346,president,名詞,總統
1347,pressure,名詞,壓力
1348,price,名詞,價格
1349,priest,名詞,神父
1350,prince,名詞,王子
1351,princess,名詞,公主
1352,principal,名詞,校長
1353,principle,名詞,原則
1354,print,動詞,列印
1355,printer,名詞,印表機
1356,private,形容詞,私人的
1357,prize,名詞,獎品
1358,problem,名詞,問題
1359,produce,動詞,生產
1360,production,名詞,生產
1361,program,名詞,節目；程式
1362,progress,名詞,進步
1363,project,名詞,專案
1364,promise,動詞,承諾
1365,pronounce,動詞,發音
1366,protect,動詞,保護
1367,proud,形容詞,驕傲的
1368,provide,動詞,提供
1369,public,形容詞,公眾的；公共的
1370,pull,動詞,拉
1371,pumpkin,名詞,南瓜
1372,punish,動詞,懲罰
1373,puppy,名詞,小狗
1374,purple,名詞,紫色
1375,purpose,名詞,目的
1376,purse,名詞,錢包（女用）
1377,push,動詞,推
1378,put,動詞,放
1379,puzzle,名詞,拼圖；謎題
1380,quarter,名詞,一刻鐘；四分之一
1381,queen,名詞,女王
1382,question,名詞,問題
1383,quiet,形容詞,安靜的
1384,quit,動詞,退出
1385,quiz,名詞,小考
1386,rabbit,名詞,兔子
1387,race,名詞,賽跑；競賽
1388,radio,名詞,收音機
1389,railroad,名詞,鐵路
1390,railway,名詞,鐵道
1391,rain,動詞,下雨
1392,rainbow,名詞,彩虹
1393,raincoat,名詞,雨衣
1394,rainy,形容詞,下雨的
1395,raise,動詞,提高；撫養
1396,rare,形容詞,稀有的
1397,rat,名詞,大鼠
1398,reach,動詞,到達
1399,read,動詞,閱讀
1400,ready,形容詞,準備好的
1401,real,形容詞,真實的
1402,realize,動詞,意識到
1403,really,副詞,真地
1404,reason,名詞,理由
1405,receive,動詞,接收
1406,record,名詞,紀錄
1407,recover,動詞,恢復；痊癒
1408,rectangle,名詞,長方形
1409,recycle,動詞,回收
1410,red,名詞,紅色
1411,refrigerator,名詞,冰箱
1412,refuse,動詞,拒絕
1413,regret,動詞,後悔
1414,regular,形容詞,規律的；定期的
1415,reject,動詞,拒絕
1416,relative,名詞,親戚
1417,remember,動詞,記得
1418,remind,動詞,提醒
1419,rent,動詞,租用
1420,repair,動詞,修復
1421,repeat,動詞,重複
1422,report,名詞,報告
1423,reporter,名詞,記者
1424,respect,動詞,尊重
1425,responsible,形容詞,負責的
1426,rest,動詞,休息
1427,restaurant,名詞,餐廳
1428,restroom,名詞,洗手間
1429,result,名詞,結果
1430,return,動詞,歸還
1431,review,動詞,複習
1432,revise,動詞,修改
1433,rice,名詞,米飯
1434,rich,形容詞,有錢的
1435,ride,動詞,騎乘；搭乘
1436,right,形容詞,右邊的
1437,right,形容詞,正確的；右邊的
1438,ring,名詞,戒指
1439,rise,動詞,上升
1440,river,名詞,河流
1441,rob,動詞,搶劫
1442,robot,名詞,機器人
1443,rock,名詞,岩石
1444,role,名詞,角色
1445,roll,動詞,滾動
1446,roller blade,動詞,溜直排輪
1447,roller skate,動詞,溜輪鞋
1448,roof,名詞,屋頂
1449,room,名詞,房間
1450,root,名詞,根
1451,rope,名詞,繩子
1452,rose,名詞,玫瑰
1453,round,形容詞,圓形的
1454,row,名詞,排；行
1455,rub,動詞,摩擦
1456,rude,形容詞,粗魯的
1457,ruin,動詞,毀滅
1458,rule,名詞,規則
1459,ruler,名詞,尺
1460,run,動詞,跑步
1461,run,動詞,跑
1462,sad,形容詞,難過的
1463,safe,形容詞,安全的
1464,safety,名詞,安全
1465,sail,動詞,航行
1466,sail,動詞,航行
1467,sailor,名詞,水手
1468,salad,名詞,沙拉
1469,sale,名詞,拍賣；銷售
1470,salesman,名詞,銷售員
1471,salt,名詞,鹽
1472,same,形容詞,相同的
1473,sample,名詞,樣品
1474,sand,名詞,沙子
1475,sandwich,名詞,三明治
1476,satisfy,動詞,滿足
1477,Saturday,名詞,星期六
1478,save,動詞,拯救；儲存
1479,say,動詞,說
1480,scared,形容詞,害怕的
1481,scared,形容詞,害怕的
1482,scarf,名詞,圍巾
1483,scene,名詞,場景
1484,scenery,名詞,風景
1485,school,名詞,學校
1486,science,名詞,科學
1487,scientist,名詞,科學家
1488,scooter,名詞,速克達；小摩托車
1489,score,名詞,分數
1490,screen,名詞,螢幕
1491,sea,名詞,海
1492,seafood,名詞,海鮮
1493,search,動詞,搜尋
1494,season,名詞,季節
1495,seat,名詞,座位
1496,second,名詞,第二
1497,second,名詞,秒
1498,secondary,形容詞,次要的
1499,secret,名詞,秘密
1500,secretary,名詞,秘書
1501,section,名詞,部分
1502,see,動詞,看見
1503,seed,名詞,種子
1504,seem,動詞,似乎
1505,seesaw,名詞,翹翹板
1506,seldom,副詞,很少
1507,select,動詞,選擇
1508,selfish,形容詞,自私的
1509,sell,動詞,賣
1510,semester,名詞,學期
1511,send,動詞,傳送1512 senior high school名詞高中
1512,senior high school,名詞,高中
1513,sense,名詞,感覺；理智
1514,sentence,名詞,句子
1515,September,名詞,九月
1516,serious,形容詞,嚴肅的；嚴重的
1517,servant,名詞,僕人
1518,serve,動詞,服務
1519,service,名詞,服務
1520,set,名詞,一套
1521,seven,名詞,七
1522,seventeen,名詞,十七
1523,seventy,名詞,七十
1524,several,限定詞,幾個
1525,shake,動詞,搖動
1526,shape,名詞,形狀
1527,share,動詞,分享
1528,shark,名詞,鯊魚
1529,sharp,形容詞,鋒利的；尖銳的
1530,she,代名詞(主格),她
1531,sheep,名詞,綿羊
1532,sheet,名詞,床單
1533,sheet,名詞,一張（紙）
1534,shelf,名詞,架子
1535,shine,動詞,照耀
1536,ship,名詞,船（大船）
1537,shirt,名詞,襯衫
1538,shoes,名詞,鞋子
1539,shoot,動詞,射擊
1540,shop,名詞,商店
1541,shopkeeper,名詞,店主
1542,shore,名詞,岸
1543,short,形容詞,矮的
1544,short,形容詞,短的；矮的
1545,shorts,名詞,短褲
1546,shoulder,名詞,肩膀
1547,shout,動詞,喊叫
1548,show,動詞,展示
1549,shower,名詞,陣雨
1550,shrimp,名詞,蝦
1551,shrimp,名詞,蝦
1552,shut,動詞,關閉
1553,shy,形容詞,害羞的
1554,sick,形容詞,生病的
1555,side,名詞,邊；側
1556,sidewalk,名詞,人行道
1557,sight,名詞,景象
1558,sign,動詞,簽名
1559,silence,名詞,寂靜
1560,silent,形容詞,沉默的
1561,silly,形容詞,傻的
1562,silver,名詞,銀
1563,similar,形容詞,相似的
1564,since,介系詞,自從…
1565,since,連接詞,自從；既然
1566,sincere,形容詞,真誠的
1567,sing,動詞,唱歌
1568,singer,名詞,歌手
1569,single,形容詞,單一的；單身的
1570,sink,名詞,水槽
1571,sister,名詞,姊妹
1572,six,名詞,六
1573,sixteen,名詞,十六
1574,sixty,名詞,六十
1575,size,名詞,尺寸
1576,skate,動詞,溜冰
1577,ski,動詞,滑雪
1578,skill,名詞,技能
1579,skillful,形容詞,熟練的
1580,skin,名詞,皮膚
1581,skinny,形容詞,極瘦的
1582,skirt,名詞,裙子
1583,sky,名詞,天空
1584,sleep,動詞,睡覺
1585,sleepy,形容詞,想睡的
1586,slender,形容詞,苗條的
1587,slice,動詞,切片
1588,slide,名詞,溜滑梯
1589,slim,形容詞,纖細的
1590,slippers,名詞,拖鞋
1591,slow,形容詞,慢的
1592,small,形容詞,小的
1593,smart,形容詞,聰明的
1594,smell,動詞,聞
1595,smile,名詞,微笑
1596,smoke,動詞,抽煙
1597,snack,名詞,點心
1598,snail,名詞,蝸牛
1599,snake,名詞,蛇
1600,sneakers,名詞,運動鞋
1601,sneaky,形容詞,鬼鬼祟祟的
1602,snow,名詞,雪
1603,snowy,形容詞,下雪的
1604,so,副詞,如此；這麼
1605,soap,名詞,肥皂
1606,soccer,名詞,足球
1607,social,形容詞,社會的；社交的
1608,social science,名詞,社會科學
1609,society,名詞,社會
1610,socks,名詞,襪子
1611,soda,名詞,汽水
1612,sofa,名詞,沙發
1613,soft drink,名詞,軟性飲料
1614,softball,名詞,壘球
1615,soldier,名詞,士兵
1616,solve,動詞,解決
1617,some,代名詞,一些
1618,someone,代名詞,某人
1619,something,代名詞,某事
1620,sometimes,副詞,有時候
1621,somewhere,副詞,某個地方
1622,son,名詞,兒子
1623,song,名詞,歌曲
1624,soon,副詞,很快；不久
1625,sore throat,名詞,喉嚨痛
1626,sorry,形容詞,抱歉的；難過的
1627,soul,名詞,靈魂
1628,sound,動詞,聽起來
1629,soup,名詞,湯
1630,sour,形容詞,酸的
1631,south,形容詞,南方的
1632,soy sauce,名詞,醬油
1633,space,名詞,空間
1634,spaghetti,名詞,義大利麵
1635,speak,動詞,說話
1636,speaker,名詞,喇叭
1637,special,形容詞,特別的
1638,speech,名詞,演講
1639,speed,名詞,速度
1640,spell,動詞,拼寫
1641,spend,動詞,花費
1642,spider,名詞,蜘蛛
1643,spirit,名詞,精神
1644,spoon,名詞,湯匙
1645,sports,名詞,運動
1646,spot,名詞,污點
1647,spread,動詞,塗抹
1648,spring,名詞,春天
1649,spring,名詞,泉水
1650,square,名詞,正方形
1651,stairs,名詞,樓梯
1652,stamp,名詞,郵票
1653,stand,動詞,站立
1654,star,名詞,星星
1655,start,動詞,開始
1656,state,名詞,狀態；州
1657,station,名詞,車站
1658,stationery store,名詞,文具店
1659,stay,動詞,停留
1660,steak,名詞,牛排
1661,steal,動詞,偷竊
1662,steam,名詞,蒸汽
1663,step,名詞,步驟；腳步
1664,still,副詞,仍然
1665,stingy,形容詞,小氣的
1666,stomach,名詞,胃
1667,stomachache,名詞,胃痛
1668,stone,名詞,石頭
1669,stop,動詞,停止
1670,stopwatch,名詞,碼表
1671,store,名詞,商店
1672,storm,名詞,暴風雨
1673,stormy,形容詞,暴風雨的
1674,story,名詞,故事
1675,story,名詞,故事
1676,stove,名詞,爐子
1677,straight,形容詞,直的
1678,strange,形容詞,奇怪的
1679,stranger,名詞,陌生人
1680,straw,名詞,吸管
1681,strawberry,名詞,草莓
1682,stream,名詞,溪流
1683,street,名詞,街道
1684,strike,動詞,打擊；罷工
1685,string,名詞,細繩
1686,strong,形容詞,強壯的
1687,student,名詞,學生
1688,study,動詞,研讀
1689,stupid,形容詞,笨的
1690,style,名詞,風格
1691,subject,名詞,主題；科目
1692,subway,名詞,地鐵
1693,succeed,動詞,成功
1694,success,名詞,成功
1695,successful,形容詞,成功的
1696,sudden,形容詞,突然的
1697,sugar,名詞,糖
1698,suggest,動詞,建議
1699,suit,名詞,西裝
1700,summer,名詞,夏天
1701,sun,名詞,太陽
1702,Sunday,名詞,星期日
1703,sunny,形容詞,陽光充足的
1704,super,形容詞,超級的
1705,supermarket,名詞,超市
1706,supper,名詞,消夜
1707,support,動詞,支持
1708,surf,動詞,衝浪
1709,surprise,動詞,使驚訝
1710,surprised,形容詞,感到驚訝的
1711,survive,動詞,生存
1712,swallow,動詞,吞嚥
1713,swan,名詞,天鵝
1714,sweater,名詞,毛衣
1715,sweep,動詞,清掃
1716,sweet,形容詞,甜的
1717,swim,動詞,游泳
1718,swimsuit,名詞,泳衣
1719,swing,名詞,鞦韆；搖擺
1720,symbol,名詞,符號
1721,system,名詞,系統
1722,table,名詞,桌子
1723,table tennis,名詞,桌球
1724,tail,名詞,尾巴
1725,Taiwanese,名詞,台灣人
1726,take,動詞,拿；帶
1727,talent,名詞,天賦
1728,talk,動詞,談話
1729,talkative,形容詞,健談的
1730,tall,形容詞,高的
1731,tangerine,名詞,橘子
1732,tank,名詞,坦克車
1733,taste,動詞,嘗起來
1734,taxi,名詞,計程車
1735,tea,名詞,茶
1736,teach,動詞,教學
1737,teacher,名詞,老師1738 Teacher’s Day名詞教師節
1738,Teacher’s Day,名詞,教師節
1739,team,名詞,隊伍
1740,teapot,名詞,茶壺
1741,tear,名詞,眼淚
1742,teenager,名詞,青少年
1743,telephone,名詞,電話
1744,television,名詞,電視
1745,tell,動詞,告訴
1746,temperature,名詞,溫度
1747,temple,名詞,寺廟
1748,ten,名詞,十
1749,tennis,名詞,網球
1750,tent,名詞,帳篷
1751,term,名詞,學期
1752,terrible,形容詞,糟糕的；可怕的
1753,terrific,形容詞,極好的
1754,test,名詞,測驗
1755,textbook,名詞,教科書
1756,than,介系詞,比…
1757,than,連接詞,比
1758,thank,動詞,感謝
1759,Thanksgiving,名詞,感恩節
1760,that,限定詞,那個（遠指單數）
1761,theater,名詞,劇院
1762,their,所有格,他們的
1763,their,所有格,他們的；它們的
1764,theirs,代名詞,他們的；它們的
1765,them,代名詞(受格),他們；它們
1766,themselves,代名詞,他們自己；它們自己
1767,then,副詞,然後
1768,therefore,副詞,因此
1769,these,限定詞,這些（近指複數）
1770,they,代名詞(主格),他們；它們
1771,thick,形容詞,厚的
1772,thief,名詞,小偷
1773,thin,形容詞,瘦的
1774,thing,名詞,東西
1775,think,動詞,思考
1776,third,名詞,第三
1777,thirsty,形容詞,渴的
1778,thirteen,名詞,十三
1779,thirty,名詞,三十
1780,this,限定詞,這個（近指單數）
1781,those,限定詞,那些（遠指複數）
1782,though,連接詞,雖然
1783,thought,名詞,想法
1784,thousand,名詞,千
1785,three,名詞,三
1786,throat,名詞,喉嚨
1787,through,介系詞,穿過；透過
1788,throw,動詞,丟擲
1789,thumb,名詞,拇指
1790,thunder,名詞,雷聲
1791,Thursday,名詞,星期四
1792,ticket,名詞,票
1793,tidy,形容詞,整潔的
1794,tie,名詞,領帶
1795,tiger,名詞,老虎
1796,time,名詞,時間
1797,tiny,形容詞,微小的
1798,tip,名詞,小費；提示
1799,tired,形容詞,疲倦的
1800,title,名詞,標題
1801,to,介系詞,到…；向…
1802,toast,名詞,吐司
1803,today,名詞,今天
1804,toe,名詞,腳趾
1805,tofu,名詞,豆腐
1806,together,副詞,一起
1807,toilet,名詞,馬桶
1808,tomato,名詞,番茄
1809,tomorrow,名詞,明天
1810,tongue,名詞,舌頭
1811,tonight,名詞,今晚
1812,tool,名詞,工具
1813,tooth,名詞,牙齒
1814,toothache,名詞,牙痛
1815,toothbrush,名詞,牙刷
1816,top,形容詞,頂部的
1817,topic,名詞,話題
1818,total,名詞,總數
1819,touch,動詞,觸摸
1820,toward,介系詞,朝向…
1821,towel,名詞,毛巾
1822,tower,名詞,塔
1823,town,名詞,城鎮
1824,toy,名詞,玩具
1825,trade,名詞,貿易
1826,tradition,名詞,傳統
1827,traditional,形容詞,傳統的
1828,traffic,名詞,交通
1829,train,名詞,火車
1830,train station,名詞,火車站
1831,trash,名詞,垃圾
1832,trash can,名詞,垃圾桶
1833,travel,動詞,旅行
1834,treasure,名詞,寶藏
1835,treat,名詞,款待
1836,treat,動詞,對待
1837,tree,名詞,樹
1838,triangle,名詞,三角形
1839,trick,名詞,詭計
1840,trip,名詞,旅行
1841,trouble,名詞,麻煩
1842,truck,名詞,卡車
1843,trumpet,名詞,小喇叭
1844,trust,動詞,信任
1845,truth,名詞,真相
1846,try,動詞,嘗試
1847,T-shirt,名詞,T 恤
1848,tub,名詞,浴缸
1849,tube,名詞,管子
1850,Tuesday,名詞,星期二
1851,tunnel,名詞,隧道
1852,turkey,名詞,火雞
1853,turn,動詞,轉彎
1854,turtle,名詞,烏龜
1855,twelve,名詞,十二
1856,twenty,名詞,二十
1857,twice,副詞,兩次
1858,two,名詞,二
1859,type,動詞,打字
1860,typhoon,名詞,颱風
1861,ugly,形容詞,醜陋的
1862,umbrella,名詞,雨傘
1863,umbrella,名詞,雨傘
1864,uncle,名詞,叔叔；舅舅
1865,under,介系詞,在…下面
1866,underline,動詞,畫底線
1867,underpass,名詞,地下道
1868,understand,動詞,理解
1869,underwear,名詞,內衣
1870,under-weight,形容詞,體重不足的
1871,unhappy,形容詞,不快樂的
1872,uniform,名詞,制服
1873,unique,形容詞,獨特的
1874,universe,名詞,宇宙
1875,university,名詞,大學
1876,until,介系詞,直到…
1877,up,介系詞,沿…而上
1878,upload,動詞,上傳
1879,upstairs,名詞,樓上
1880,us,代名詞(受格),我們
1881,use,動詞,使用
1882,useful,形容詞,有用的
1883,usually,副詞,通常
1884,vacation,名詞,假期1885 Valentine’s Day名詞情人節
1885,Valentine’s Day,名詞,情人節
1886,valley,名詞,山谷
1887,valuable,形容詞,有價值的
1888,value,名詞,價值
1889,vegetable,名詞,蔬菜
1890,vendor,名詞,小販
1891,very,副詞,非常
1892,vest,名詞,背心
1893,victory,名詞,勝利
1894,video,名詞,影片；錄影機
1895,village,名詞,村莊
1896,vinegar,名詞,醋
1897,violin,名詞,小提琴
1898,visit,動詞,拜訪
1899,visitor,名詞,訪客
1900,vocabulary,名詞,字彙
1901,voice,名詞,聲音
1902,volleyball,名詞,排球
1903,vote,動詞,投票
1904,waist,名詞,腰部
1905,wait,動詞,等待
1906,waiter,名詞,服務生（男性）
1907,waitress,名詞,服務生（女性）
1908,wake,動詞,醒來
1909,walk,動詞,走路
1910,wall,名詞,牆
1911,wallet,名詞,皮夾（男用）
1912,want,動詞,想要
1913,war,名詞,戰爭
1914,warm,形容詞,溫暖的
1915,wash,動詞,清洗
1916,waste,動詞,浪費
1917,watch,名詞,手錶
1918,watch,動詞,觀看
1919,water,名詞,水
1920,waterfalls,名詞,瀑布
1921,watermelon,名詞,西瓜
1922,wave,動詞,揮手
1923,way,名詞,方式；道路
1924,we,代名詞(主格),我們
1925,weak,形容詞,虛弱的
1926,wear,動詞,穿著
1927,weather,名詞,天氣
1928,wedding,名詞,婚禮
1929,Wednesday,名詞,星期三
1930,week,名詞,星期；週
1931,week,名詞,星期；週
1932,weekday,名詞,平日（週一至週五）
1933,weekend,名詞,週末
1934,weekend,名詞,週末
1935,weight,名詞,重量
1936,welcome,動詞,歡迎
1937,well,形容詞,身體健康的
1938,west,形容詞,西方的
1939,wet,形容詞,潮濕的
1940,whale,名詞,鯨魚
1941,what,疑問詞,什麼
1942,wheel,名詞,輪子
1943,when,疑問詞,何時
1944,where,疑問詞,在哪裡
1945,whether,連接詞,是否
1946,which,疑問詞,哪一個
1947,while,連接詞,當…時；然而
1948,white,名詞,白色
1949,who,疑問詞,誰
1950,whose,疑問詞,誰的
1951,why,疑問詞,為什麼
1952,wide,形容詞,寬的
1953,wife,名詞,妻子
1954,wild,形容詞,野生的；狂野的
1955,win,動詞,贏得
1956,wind,名詞,風
1957,window,名詞,窗戶
1958,windy,形容詞,多風的
1959,wing,名詞,翅膀
1960,winner,名詞,贏家
1961,winter,名詞,冬天
1962,wise,形容詞,有智慧的
1963,wish,動詞,希望
1964,with,介系詞,和…一起；用…
1965,without,介系詞,沒有…
1966,wok,名詞,炒鍋
1967,wolf,名詞,狼
1968,woman,名詞,女人1969 women’s room名詞女廁
1969,women’s room,名詞,女廁
1970,wonderful,形容詞,美妙的
1971,wood,名詞,木材
1972,woods,名詞,樹林
1973,word,名詞,字詞
1974,workbook,名詞,練習本
1975,worm,名詞,蠕蟲
1976,worry,動詞,擔心
1977,wound,名詞,創傷；傷口
1978,wrist,名詞,手腕
1979,write,動詞,書寫
1980,writer,名詞,作家
1981,wrong,形容詞,錯誤的
1982,yard,名詞,院子
1983,yard,名詞,碼
1984,year,名詞,年
1985,yell,動詞,大叫
1986,yellow,名詞,黃色
1987,yesterday,名詞,昨天
1988,yet,副詞,尚未；但是
1989,you,代名詞(主/受格),你；你們
1990,young,形容詞,年輕的
1991,your,所有格,你的；你們的
1992,your,所有格,你的；你們的
1993,yours,代名詞,你的；你們的
1994,yourself,代名詞,你自己
1995,yourselves,代名詞,你們自己
1996,youth,名詞,青年
1997,yummy,形容詞,好吃的
1998,zebra,名詞,斑馬
1999,zero,名詞,零
2000,zoo,名詞,動物園
